{
    "id": "356726418597478400",
    "cardhistory": [
        [
            1,
            [
                "4D",
                "8H",
                "4C",
                "6C",
                "3D"
            ]
        ],
        [
            7,
            [
                "5H",
                "5C",
                "3S",
                "5S",
                "5H"
            ]
        ],
        [
            3,
            [
                "QC",
                "5D",
                "5S",
                "JH",
                "5S"
            ]
        ],
        [
            0,
            [
                "3S",
                "4C",
                "8H",
                "TH",
                "2S"
            ]
        ],
        [
            0,
            [
                "5H",
                "2D",
                "AS",
                "TS",
                "JS"
            ]
        ],
        [
            3,
            [
                "QC",
                "AS",
                "QS",
                "2D",
                "QH"
            ]
        ],
        [
            1,
            [
                "AD",
                "7D",
                "6C",
                "AS",
                "4H"
            ]
        ],
        [
            3,
            [
                "JD",
                "TD",
                "7D",
                "7S",
                "7H"
            ]
        ],
        [
            1,
            [
                "6S",
                "2S",
                "JD",
                "4D",
                "6C"
            ]
        ],
        [
            1,
            [
                "QH",
                "9C",
                "4D",
                "TC",
                "QC"
            ]
        ],
        [
            1,
            [
                "9H",
                "QH",
                "TH",
                "5S",
                "QS"
            ]
        ],
        [
            2,
            [
                "8H",
                "AD",
                "6D",
                "8C",
                "AS"
            ]
        ],
        [
            0,
            [
                "7H",
                "QC",
                "2C",
                "6C",
                "8H"
            ]
        ],
        [
            0,
            [
                "3C",
                "7D",
                "4H",
                "TS",
                "QD"
            ]
        ],
        [
            1,
            [
                "TC",
                "9C",
                "QC",
                "9D",
                "4S"
            ]
        ],
        [
            1,
            [
                "6C",
                "8H",
                "3S",
                "8D",
                "TD"
            ]
        ]
    ],
    "amount": {
        "20181024": 100,
        "20181025": 35800,
        "20181031": 3940
    }
}