{
    "id": "378336610279751682",
    "cardhistory": [
        [
            3,
            [
                "9H",
                "7H",
                "QD",
                "QH",
                "QS"
            ]
        ],
        [
            1,
            [
                "2D",
                "7H",
                "QH",
                "2S",
                "AH"
            ]
        ],
        [
            0,
            [
                "4D",
                "JS",
                "6H",
                "TC",
                "KH"
            ]
        ],
        [
            1,
            [
                "4C",
                "7C",
                "QD",
                "8S",
                "8C"
            ]
        ]
    ],
    "amount": {
        "20181016": 1000,
        "20181023": 144
    }
}