{
    "id": "389994447984787456",
    "cardhistory": [
        [
            1,
            [
                "QH",
                "4C",
                "KS",
                "8C",
                "KS"
            ]
        ],
        [
            0,
            [
                "9C",
                "JD",
                "7H",
                "3H",
                "TD"
            ]
        ],
        [
            0,
            [
                "JS",
                "QS",
                "5D",
                "KH",
                "7S"
            ]
        ]
    ],
    "amount": {
        "20181021": 140,
        "20181025": 48
    }
}