{
    "id": "390369227111923727",
    "cardhistory": [
        [
            1,
            [
                "8S",
                "8C",
                "5S",
                "JS",
                "TD"
            ]
        ],
        [
            0,
            [
                "JS",
                "QC",
                "5H",
                "3S",
                "KS"
            ]
        ],
        [
            3,
            [
                "AH",
                "AC",
                "4C",
                "JH",
                "AD"
            ]
        ]
    ],
    "amount": {
        "20181024": 100,
        "20181025": 44,
        "20181028": 1400
    }
}