{
    "id": "391502736149053450",
    "cardhistory": [
        [
            0,
            [
                "AS",
                "8D",
                "9C",
                "7D",
                "5C"
            ]
        ],
        [
            1,
            [
                "8S",
                "KD",
                "TD",
                "8D",
                "JS"
            ]
        ],
        [
            1,
            [
                "KC",
                "JS",
                "QH",
                "JC",
                "5D"
            ]
        ],
        [
            3,
            [
                "5S",
                "7S",
                "7C",
                "AS",
                "7S"
            ]
        ],
        [
            1,
            [
                "2D",
                "JD",
                "4D",
                "3H",
                "JH"
            ]
        ],
        [
            1,
            [
                "8H",
                "6S",
                "4C",
                "4S",
                "5H"
            ]
        ],
        [
            1,
            [
                "JD",
                "8H",
                "4S",
                "7C",
                "JS"
            ]
        ],
        [
            3,
            [
                "AC",
                "8H",
                "8D",
                "KD",
                "8S"
            ]
        ],
        [
            1,
            [
                "JS",
                "QD",
                "QS",
                "5D",
                "6S"
            ]
        ],
        [
            4,
            [
                "AD",
                "JS",
                "KS",
                "QS",
                "TS"
            ]
        ],
        [
            0,
            [
                "9D",
                "QS",
                "8H",
                "7D",
                "2C"
            ]
        ],
        [
            0,
            [
                "4S",
                "KH",
                "QC",
                "9D",
                "5C"
            ]
        ],
        [
            5,
            [
                "TS",
                "QS",
                "3S",
                "4S",
                "8S"
            ]
        ],
        [
            1,
            [
                "6C",
                "AH",
                "4S",
                "6H",
                "KS"
            ]
        ],
        [
            3,
            [
                "6S",
                "9S",
                "8C",
                "6D",
                "6H"
            ]
        ],
        [
            1,
            [
                "9D",
                "TH",
                "7D",
                "5H",
                "7C"
            ]
        ],
        [
            1,
            [
                "TH",
                "3D",
                "9C",
                "7C",
                "9S"
            ]
        ],
        [
            3,
            [
                "7H",
                "7C",
                "7S",
                "KH",
                "6S"
            ]
        ],
        [
            0,
            [
                "QH",
                "6H",
                "9D",
                "3D",
                "JD"
            ]
        ],
        [
            1,
            [
                "JH",
                "3S",
                "4D",
                "4H",
                "9S"
            ]
        ]
    ],
    "amount": {
        "20181021": 1243,
        "20181023": 1200,
        "20181024": 2138,
        "20181026": 2643,
        "20181027": 900,
        "20181028": 200,
        "20181029": 900,
        "20181031": 141
    }
}