{
    "id": "391813911600562182",
    "cardhistory": [
        [
            0,
            [
                "7C",
                "TS",
                "8D",
                "QS",
                "AD"
            ]
        ],
        [
            0,
            [
                "KC",
                "9S",
                "QC",
                "TS",
                "8S"
            ]
        ],
        [
            0,
            [
                "4D",
                "8D",
                "7C",
                "2H",
                "TC"
            ]
        ],
        [
            0,
            [
                "7S",
                "9C",
                "3S",
                "6H",
                "TD"
            ]
        ],
        [
            0,
            [
                "8D",
                "9C",
                "3S",
                "JC",
                "QS"
            ]
        ],
        [
            1,
            [
                "4D",
                "JH",
                "9C",
                "KH",
                "4H"
            ]
        ],
        [
            1,
            [
                "8S",
                "7H",
                "JD",
                "7D",
                "2D"
            ]
        ],
        [
            1,
            [
                "TH",
                "9H",
                "JH",
                "9S",
                "AC"
            ]
        ],
        [
            1,
            [
                "KS",
                "8H",
                "KC",
                "4S",
                "JS"
            ]
        ],
        [
            1,
            [
                "6D",
                "2S",
                "TD",
                "8C",
                "8S"
            ]
        ],
        [
            0,
            [
                "8S",
                "6S",
                "4H",
                "9D",
                "AC"
            ]
        ],
        [
            0,
            [
                "JS",
                "5H",
                "4D",
                "AS",
                "6C"
            ]
        ],
        [
            1,
            [
                "KS",
                "TD",
                "JC",
                "6S",
                "KS"
            ]
        ],
        [
            0,
            [
                "JC",
                "6S",
                "KD",
                "TC",
                "2S"
            ]
        ],
        [
            0,
            [
                "TC",
                "JH",
                "3C",
                "4S",
                "5S"
            ]
        ],
        [
            0,
            [
                "7H",
                "6H",
                "3C",
                "9H",
                "4D"
            ]
        ],
        [
            0,
            [
                "6D",
                "KC",
                "JS",
                "QD",
                "5H"
            ]
        ],
        [
            0,
            [
                "3S",
                "7H",
                "TD",
                "6C",
                "4C"
            ]
        ],
        [
            2,
            [
                "AC",
                "7H",
                "7S",
                "TH",
                "TD"
            ]
        ],
        [
            1,
            [
                "3H",
                "TH",
                "4D",
                "JD",
                "3C"
            ]
        ],
        [
            8,
            [
                "7S",
                "4S",
                "8S",
                "6S",
                "5S"
            ]
        ]
    ],
    "amount": {
        "20181015": 551,
        "20181016": 83,
        "20181017": 78,
        "20181018": 300,
        "20181019": 562,
        "20181028": 400,
        "20181030": 6500
    }
}