{
    "id": "396245991378124801",
    "cardhistory": [
        [
            0,
            [
                "7D",
                "JS",
                "9S",
                "AS",
                "2H"
            ]
        ],
        [
            0,
            [
                "3S",
                "5D",
                "7S",
                "2D",
                "AS"
            ]
        ],
        [
            1,
            [
                "7S",
                "4D",
                "2D",
                "JC",
                "JH"
            ]
        ],
        [
            0,
            [
                "9D",
                "3D",
                "6D",
                "TC",
                "JC"
            ]
        ],
        [
            1,
            [
                "9S",
                "8D",
                "TH",
                "3D",
                "3H"
            ]
        ],
        [
            3,
            [
                "TC",
                "JD",
                "5C",
                "JS",
                "JH"
            ]
        ]
    ],
    "amount": {
        "20181014": 74,
        "20181015": 100,
        "20181016": 139,
        "20181024": 900
    }
}