{
    "id": "398951077233557514",
    "cardhistory": [
        [
            1,
            [
                "AC",
                "7S",
                "6C",
                "4C",
                "4D"
            ]
        ],
        [
            0,
            [
                "3S",
                "8C",
                "4S",
                "JS",
                "7H"
            ]
        ],
        [
            1,
            [
                "TS",
                "5C",
                "TC",
                "AD",
                "4D"
            ]
        ],
        [
            3,
            [
                "9D",
                "AH",
                "AC",
                "QS",
                "AH"
            ]
        ],
        [
            1,
            [
                "AH",
                "7D",
                "2D",
                "JC",
                "AS"
            ]
        ],
        [
            1,
            [
                "3C",
                "2C",
                "AS",
                "8C",
                "2H"
            ]
        ],
        [
            0,
            [
                "9C",
                "KC",
                "3D",
                "JS",
                "QS"
            ]
        ],
        [
            0,
            [
                "9D",
                "KS",
                "7S",
                "4S",
                "3S"
            ]
        ],
        [
            3,
            [
                "3D",
                "AH",
                "AD",
                "2H",
                "AS"
            ]
        ],
        [
            1,
            [
                "5D",
                "8C",
                "AD",
                "KC",
                "8D"
            ]
        ],
        [
            1,
            [
                "6S",
                "QH",
                "3S",
                "JS",
                "QH"
            ]
        ],
        [
            0,
            [
                "2C",
                "JH",
                "5C",
                "3D",
                "TS"
            ]
        ],
        [
            4,
            [
                "8H",
                "JC",
                "TC",
                "9D",
                "7S"
            ]
        ],
        [
            3,
            [
                "3H",
                "AD",
                "QS",
                "3S",
                "3S"
            ]
        ],
        [
            2,
            [
                "2S",
                "6D",
                "4C",
                "4H",
                "2H"
            ]
        ],
        [
            6,
            [
                "QS",
                "AC",
                "QH",
                "AH",
                "QC"
            ]
        ],
        [
            0,
            [
                "7H",
                "4C",
                "TC",
                "9D",
                "6H"
            ]
        ],
        [
            0,
            [
                "7C",
                "2D",
                "5S",
                "3S",
                "9C"
            ]
        ],
        [
            1,
            [
                "9H",
                "QS",
                "KC",
                "AH",
                "AH"
            ]
        ],
        [
            0,
            [
                "2D",
                "9D",
                "5C",
                "7H",
                "QC"
            ]
        ]
    ],
    "amount": {
        "20181022": 1733,
        "20181023": 184,
        "20181024": 1400,
        "20181028": 700,
        "20181029": 1631,
        "20181031": 5597
    },
    "poop": [
        {
            "1540821239": 0
        },
        {
            "1540983572": 2
        }
    ]
}