{
    "id": "399763433400303618",
    "cardhistory": [
        [
            0,
            [
                "3S",
                "4S",
                "KD",
                "QC",
                "2S"
            ]
        ],
        [
            1,
            [
                "AH",
                "3H",
                "QD",
                "TD",
                "AS"
            ]
        ],
        [
            2,
            [
                "4H",
                "TH",
                "3H",
                "4C",
                "TC"
            ]
        ],
        [
            3,
            [
                "AD",
                "4H",
                "AC",
                "9H",
                "AS"
            ]
        ],
        [
            0,
            [
                "7S",
                "TH",
                "9D",
                "JD",
                "2D"
            ]
        ],
        [
            1,
            [
                "6C",
                "KC",
                "3C",
                "3D",
                "AH"
            ]
        ],
        [
            1,
            [
                "2S",
                "3H",
                "6D",
                "7C",
                "7S"
            ]
        ],
        [
            1,
            [
                "QD",
                "2H",
                "7D",
                "QS",
                "5S"
            ]
        ],
        [
            0,
            [
                "9D",
                "KS",
                "3C",
                "TS",
                "5D"
            ]
        ],
        [
            0,
            [
                "7S",
                "TD",
                "2S",
                "KD",
                "9S"
            ]
        ],
        [
            1,
            [
                "QH",
                "6D",
                "QC",
                "JH",
                "5C"
            ]
        ],
        [
            0,
            [
                "9C",
                "JH",
                "5S",
                "KS",
                "2D"
            ]
        ],
        [
            0,
            [
                "6D",
                "9H",
                "3C",
                "JC",
                "8S"
            ]
        ],
        [
            1,
            [
                "KS",
                "KH",
                "7C",
                "5H",
                "QH"
            ]
        ],
        [
            3,
            [
                "9C",
                "6D",
                "6S",
                "AC",
                "6H"
            ]
        ],
        [
            0,
            [
                "AS",
                "2S",
                "8S",
                "6H",
                "4D"
            ]
        ],
        [
            1,
            [
                "4C",
                "2H",
                "TD",
                "7D",
                "TH"
            ]
        ],
        [
            0,
            [
                "8H",
                "3H",
                "AH",
                "7D",
                "4C"
            ]
        ],
        [
            0,
            [
                "8H",
                "QH",
                "4C",
                "TC",
                "9S"
            ]
        ],
        [
            2,
            [
                "8H",
                "8S",
                "5S",
                "TD",
                "5H"
            ]
        ],
        [
            3,
            [
                "KH",
                "3H",
                "3C",
                "6H",
                "3H"
            ]
        ],
        [
            3,
            [
                "JH",
                "6S",
                "AH",
                "AS",
                "AH"
            ]
        ],
        [
            1,
            [
                "9S",
                "5D",
                "7C",
                "KC",
                "KS"
            ]
        ],
        [
            1,
            [
                "2S",
                "KD",
                "3H",
                "AS",
                "AS"
            ]
        ],
        [
            0,
            [
                "2S",
                "AD",
                "4D",
                "JS",
                "5H"
            ]
        ],
        [
            0,
            [
                "4C",
                "3D",
                "TC",
                "QH",
                "7D"
            ]
        ],
        [
            0,
            [
                "AS",
                "KS",
                "5H",
                "6D",
                "JS"
            ]
        ],
        [
            0,
            [
                "9S",
                "QS",
                "3H",
                "4D",
                "5S"
            ]
        ],
        [
            0,
            [
                "JH",
                "7S",
                "5C",
                "6H",
                "4H"
            ]
        ],
        [
            1,
            [
                "4H",
                "8S",
                "KS",
                "QH",
                "KS"
            ]
        ]
    ],
    "amount": {
        "20181028": 534,
        "20181030": 1539,
        "20181031": 4858
    },
    "poop": [
        {
            "1540912031": 0
        }
    ]
}