{
    "id": "401708933556862977",
    "cardhistory": [
        [
            0,
            [
                "7S",
                "3H",
                "2D",
                "KH",
                "9H"
            ]
        ],
        [
            0,
            [
                "6S",
                "JS",
                "QD",
                "TC",
                "4C"
            ]
        ],
        [
            1,
            [
                "JH",
                "2H",
                "6H",
                "JS",
                "7H"
            ]
        ],
        [
            1,
            [
                "QS",
                "9C",
                "4S",
                "9D",
                "2H"
            ]
        ],
        [
            1,
            [
                "6D",
                "JC",
                "9D",
                "4D",
                "6C"
            ]
        ],
        [
            2,
            [
                "8D",
                "AD",
                "4D",
                "4S",
                "AH"
            ]
        ],
        [
            3,
            [
                "TC",
                "6H",
                "TD",
                "7S",
                "TS"
            ]
        ],
        [
            1,
            [
                "7C",
                "KH",
                "4H",
                "8H",
                "8S"
            ]
        ],
        [
            1,
            [
                "AD",
                "5D",
                "AH",
                "4H",
                "QC"
            ]
        ],
        [
            0,
            [
                "5D",
                "QH",
                "AD",
                "7S",
                "TH"
            ]
        ],
        [
            1,
            [
                "5S",
                "KC",
                "4S",
                "JH",
                "4H"
            ]
        ],
        [
            1,
            [
                "AH",
                "JD",
                "TC",
                "4C",
                "TS"
            ]
        ],
        [
            0,
            [
                "3D",
                "9D",
                "7C",
                "AS",
                "5S"
            ]
        ],
        [
            1,
            [
                "QD",
                "AH",
                "TC",
                "QC",
                "7S"
            ]
        ],
        [
            1,
            [
                "3D",
                "4H",
                "AS",
                "JH",
                "JS"
            ]
        ],
        [
            0,
            [
                "TC",
                "6C",
                "8S",
                "JS",
                "KS"
            ]
        ],
        [
            1,
            [
                "2C",
                "9C",
                "JS",
                "TH",
                "TD"
            ]
        ],
        [
            1,
            [
                "TS",
                "5D",
                "6H",
                "4D",
                "5S"
            ]
        ],
        [
            3,
            [
                "QC",
                "KD",
                "JD",
                "JS",
                "JS"
            ]
        ],
        [
            3,
            [
                "7S",
                "KC",
                "8C",
                "KS",
                "KH"
            ]
        ],
        [
            1,
            [
                "5C",
                "7H",
                "JS",
                "JD",
                "3H"
            ]
        ],
        [
            1,
            [
                "4D",
                "3H",
                "QD",
                "8C",
                "8S"
            ]
        ]
    ],
    "amount": {
        "20181018": 34,
        "20181029": 3391,
        "20181030": 486,
        "20181031": 32200
    }
}