{
    "id": "403895887035760641",
    "cardhistory": [
        [
            2,
            [
                "8S",
                "7S",
                "7D",
                "AH",
                "AC"
            ]
        ],
        [
            1,
            [
                "3H",
                "3C",
                "AH",
                "4D",
                "5D"
            ]
        ],
        [
            0,
            [
                "6C",
                "QS",
                "AS",
                "8C",
                "5H"
            ]
        ]
    ],
    "amount": {
        "20181026": 400,
        "20181027": 100,
        "20181029": 45
    }
}