{
    "id": "424589914873659392",
    "cardhistory": [
        [
            1,
            [
                "4H",
                "2S",
                "3H",
                "6H",
                "6D"
            ]
        ],
        [
            3,
            [
                "9D",
                "4C",
                "QC",
                "QS",
                "QD"
            ]
        ],
        [
            2,
            [
                "KS",
                "JD",
                "QS",
                "QH",
                "JC"
            ]
        ],
        [
            1,
            [
                "TS",
                "AD",
                "TC",
                "QS",
                "2C"
            ]
        ],
        [
            0,
            [
                "3S",
                "4H",
                "JD",
                "6D",
                "TH"
            ]
        ],
        [
            1,
            [
                "9S",
                "6H",
                "2S",
                "8C",
                "9H"
            ]
        ],
        [
            0,
            [
                "2C",
                "5C",
                "QD",
                "6S",
                "JH"
            ]
        ],
        [
            0,
            [
                "TC",
                "5H",
                "8S",
                "2C",
                "7D"
            ]
        ],
        [
            2,
            [
                "TS",
                "KH",
                "JC",
                "KC",
                "JH"
            ]
        ],
        [
            0,
            [
                "AC",
                "7S",
                "9C",
                "2C",
                "4C"
            ]
        ],
        [
            1,
            [
                "JH",
                "5H",
                "8D",
                "6H",
                "JD"
            ]
        ],
        [
            1,
            [
                "TS",
                "6H",
                "TD",
                "4C",
                "5D"
            ]
        ],
        [
            3,
            [
                "5D",
                "7D",
                "QD",
                "QS",
                "QH"
            ]
        ],
        [
            1,
            [
                "JC",
                "6S",
                "JH",
                "3S",
                "TS"
            ]
        ],
        [
            0,
            [
                "AS",
                "QD",
                "9D",
                "5C",
                "7D"
            ]
        ],
        [
            0,
            [
                "3H",
                "JD",
                "8D",
                "6C",
                "9S"
            ]
        ],
        [
            1,
            [
                "3H",
                "JC",
                "KC",
                "3C",
                "8C"
            ]
        ],
        [
            1,
            [
                "8C",
                "5S",
                "6D",
                "8S",
                "TD"
            ]
        ],
        [
            1,
            [
                "7D",
                "7C",
                "6D",
                "3S",
                "4C"
            ]
        ],
        [
            2,
            [
                "AC",
                "5C",
                "QC",
                "5H",
                "AH"
            ]
        ],
        [
            1,
            [
                "4S",
                "KH",
                "2S",
                "QH",
                "KS"
            ]
        ],
        [
            0,
            [
                "2S",
                "AH",
                "3S",
                "6S",
                "QD"
            ]
        ],
        [
            1,
            [
                "6C",
                "TC",
                "7S",
                "4C",
                "TH"
            ]
        ]
    ],
    "amount": {
        "20181014": 2000,
        "20181015": 602,
        "20181016": 1283,
        "20181017": 874,
        "20181018": 100
    }
}