{
    "id": "425282940176564224",
    "cardhistory": [
        [
            3,
            [
                "2D",
                "6H",
                "6C",
                "5D",
                "6S"
            ]
        ],
        [
            2,
            [
                "JS",
                "8D",
                "AD",
                "JD",
                "8H"
            ]
        ],
        [
            1,
            [
                "8H",
                "KD",
                "QS",
                "9S",
                "KS"
            ]
        ],
        [
            0,
            [
                "TH",
                "KC",
                "5C",
                "JS",
                "QS"
            ]
        ],
        [
            3,
            [
                "TH",
                "5H",
                "QS",
                "QS",
                "QH"
            ]
        ],
        [
            1,
            [
                "QC",
                "AH",
                "8S",
                "JH",
                "AH"
            ]
        ],
        [
            0,
            [
                "9D",
                "AC",
                "6D",
                "4D",
                "8D"
            ]
        ],
        [
            1,
            [
                "AC",
                "7S",
                "4C",
                "TC",
                "AS"
            ]
        ],
        [
            1,
            [
                "JD",
                "7H",
                "4C",
                "KD",
                "7C"
            ]
        ],
        [
            0,
            [
                "JS",
                "8C",
                "TC",
                "5S",
                "2C"
            ]
        ],
        [
            1,
            [
                "5C",
                "QC",
                "7D",
                "KS",
                "KC"
            ]
        ],
        [
            1,
            [
                "4S",
                "3C",
                "9C",
                "6D",
                "9H"
            ]
        ],
        [
            1,
            [
                "5D",
                "QH",
                "TS",
                "TC",
                "8C"
            ]
        ],
        [
            5,
            [
                "4D",
                "AD",
                "7D",
                "TD",
                "8D"
            ]
        ],
        [
            2,
            [
                "JH",
                "8D",
                "4H",
                "4C",
                "8C"
            ]
        ],
        [
            1,
            [
                "TD",
                "5C",
                "AC",
                "5H",
                "9H"
            ]
        ],
        [
            0,
            [
                "5S",
                "9H",
                "4S",
                "TC",
                "3C"
            ]
        ],
        [
            1,
            [
                "8D",
                "5S",
                "8H",
                "QS",
                "2C"
            ]
        ],
        [
            1,
            [
                "9D",
                "7D",
                "2S",
                "QS",
                "QH"
            ]
        ],
        [
            2,
            [
                "KH",
                "KD",
                "3S",
                "TD",
                "TC"
            ]
        ],
        [
            0,
            [
                "6S",
                "TS",
                "AS",
                "8H",
                "2D"
            ]
        ],
        [
            1,
            [
                "6D",
                "3D",
                "8D",
                "TC",
                "3H"
            ]
        ],
        [
            2,
            [
                "7H",
                "8C",
                "8S",
                "7D",
                "AC"
            ]
        ],
        [
            3,
            [
                "7D",
                "AS",
                "3S",
                "AH",
                "AS"
            ]
        ],
        [
            3,
            [
                "AS",
                "8S",
                "3D",
                "8H",
                "8S"
            ]
        ],
        [
            0,
            [
                "AD",
                "JH",
                "3C",
                "TS",
                "6D"
            ]
        ]
    ],
    "amount": {
        "20181016": 900,
        "20181024": 1000,
        "20181025": 1092,
        "20181026": 100,
        "20181027": 136,
        "20181029": 4571,
        "20181031": 2744
    }
}