{
    "id": "425280934342819841",
    "cardhistory": [
        [
            1,
            [
                "TS",
                "4H",
                "5C",
                "5S",
                "2C"
            ]
        ],
        [
            1,
            [
                "KC",
                "6H",
                "9C",
                "7C",
                "9S"
            ]
        ],
        [
            2,
            [
                "AD",
                "JS",
                "2D",
                "AC",
                "JH"
            ]
        ],
        [
            1,
            [
                "5C",
                "JH",
                "5D",
                "QC",
                "TC"
            ]
        ],
        [
            0,
            [
                "AC",
                "8D",
                "2S",
                "3C",
                "JD"
            ]
        ],
        [
            1,
            [
                "2C",
                "KC",
                "AH",
                "TS",
                "TD"
            ]
        ],
        [
            0,
            [
                "3D",
                "8H",
                "7C",
                "9C",
                "JS"
            ]
        ],
        [
            6,
            [
                "2C",
                "8H",
                "8C",
                "2D",
                "8H"
            ]
        ],
        [
            0,
            [
                "JC",
                "TC",
                "4C",
                "8C",
                "AH"
            ]
        ],
        [
            0,
            [
                "JS",
                "8H",
                "KD",
                "9D",
                "4S"
            ]
        ],
        [
            1,
            [
                "4D",
                "KD",
                "6S",
                "9C",
                "6D"
            ]
        ],
        [
            3,
            [
                "KS",
                "4C",
                "KH",
                "7D",
                "KH"
            ]
        ]
    ],
    "amount": {
        "20181018": 200,
        "20181020": 1000,
        "20181021": 38,
        "20181024": 138,
        "20181029": 3600,
        "20181030": 192,
        "20181031": 900
    }
}