{
    "id": "437556636920578051",
    "cardhistory": [
        [
            1,
            [
                "QH",
                "9C",
                "8H",
                "8D",
                "5S"
            ]
        ],
        [
            2,
            [
                "JH",
                "8D",
                "AC",
                "8S",
                "AD"
            ]
        ],
        [
            3,
            [
                "7S",
                "3S",
                "7H",
                "7C",
                "JC"
            ]
        ],
        [
            1,
            [
                "KC",
                "JD",
                "5H",
                "7C",
                "KS"
            ]
        ],
        [
            1,
            [
                "KH",
                "KS",
                "6D",
                "JS",
                "9H"
            ]
        ],
        [
            1,
            [
                "2C",
                "QS",
                "4C",
                "AC",
                "AH"
            ]
        ],
        [
            1,
            [
                "8C",
                "9S",
                "8H",
                "JC",
                "QC"
            ]
        ],
        [
            3,
            [
                "AD",
                "JD",
                "3C",
                "JC",
                "JH"
            ]
        ],
        [
            3,
            [
                "5D",
                "6C",
                "5H",
                "5C",
                "TD"
            ]
        ],
        [
            3,
            [
                "9C",
                "9H",
                "3S",
                "AS",
                "9H"
            ]
        ],
        [
            0,
            [
                "3S",
                "KC",
                "2D",
                "8S",
                "QH"
            ]
        ],
        [
            1,
            [
                "3C",
                "9S",
                "8D",
                "2C",
                "3D"
            ]
        ],
        [
            0,
            [
                "9S",
                "KC",
                "TD",
                "7H",
                "6D"
            ]
        ]
    ],
    "amount": {
        "20181023": 100,
        "20181024": 1900,
        "20181025": 200,
        "20181028": 3338,
        "20181029": 100,
        "20181030": 45
    }
}