{
    "id": "443634644294959104",
    "cardhistory": [
        [
            3,
            [
                "4C",
                "8C",
                "7H",
                "8S",
                "8S"
            ]
        ],
        [
            0,
            [
                "5S",
                "QC",
                "TH",
                "4C",
                "9H"
            ]
        ],
        [
            0,
            [
                "AC",
                "4D",
                "7D",
                "8D",
                "6C"
            ]
        ],
        [
            0,
            [
                "5H",
                "2C",
                "KC",
                "QD",
                "3C"
            ]
        ]
    ],
    "amount": {
        "20181015": 900,
        "20181019": 40,
        "20181021": 74
    }
}