{
    "id": "461416005285969922",
    "cardhistory": [
        [
            0,
            [
                "3S",
                "AS",
                "9S",
                "5C",
                "6C"
            ]
        ],
        [
            1,
            [
                "9S",
                "JD",
                "JH",
                "8D",
                "KD"
            ]
        ],
        [
            0,
            [
                "8C",
                "7D",
                "KD",
                "2S",
                "6C"
            ]
        ]
    ],
    "amount": {
        "20181024": 37,
        "20181025": 100,
        "20181030": 36
    }
}