{
    "id": "462397871711322124",
    "cardhistory": [
        [
            1,
            [
                "KH",
                "3D",
                "7H",
                "JS",
                "KD"
            ]
        ],
        [
            0,
            [
                "AS",
                "6S",
                "JC",
                "2D",
                "4S"
            ]
        ],
        [
            0,
            [
                "QC",
                "AS",
                "4D",
                "TC",
                "8C"
            ]
        ],
        [
            0,
            [
                "7S",
                "QC",
                "JD",
                "4D",
                "3H"
            ]
        ],
        [
            0,
            [
                "KS",
                "8D",
                "6H",
                "AS",
                "2S"
            ]
        ],
        [
            0,
            [
                "2C",
                "QS",
                "6C",
                "9S",
                "3C"
            ]
        ],
        [
            0,
            [
                "4S",
                "JD",
                "9D",
                "6C",
                "KS"
            ]
        ]
    ],
    "amount": {
        "20181022": 137,
        "20181023": 85,
        "20181026": 75,
        "20181031": 43
    }
}