{
    "id": "465796453474893824",
    "cardhistory": [
        [
            1,
            [
                "QC",
                "QS",
                "9S",
                "AH",
                "6C"
            ]
        ],
        [
            1,
            [
                "4S",
                "2S",
                "2D",
                "TC",
                "KD"
            ]
        ],
        [
            0,
            [
                "6C",
                "9H",
                "5S",
                "QC",
                "JD"
            ]
        ],
        [
            0,
            [
                "2D",
                "7C",
                "9D",
                "4S",
                "3H"
            ]
        ],
        [
            1,
            [
                "JH",
                "2C",
                "3H",
                "5H",
                "JH"
            ]
        ],
        [
            0,
            [
                "3S",
                "4D",
                "9S",
                "AS",
                "QD"
            ]
        ],
        [
            1,
            [
                "6H",
                "TD",
                "2D",
                "TH",
                "9S"
            ]
        ],
        [
            0,
            [
                "7H",
                "JH",
                "QD",
                "9H",
                "2S"
            ]
        ],
        [
            3,
            [
                "JD",
                "2H",
                "8H",
                "2D",
                "2C"
            ]
        ],
        [
            1,
            [
                "8C",
                "9H",
                "7D",
                "QH",
                "7C"
            ]
        ],
        [
            1,
            [
                "6H",
                "KD",
                "5D",
                "9C",
                "KH"
            ]
        ]
    ],
    "amount": {
        "20181017": 200,
        "20181019": 68,
        "20181020": 100,
        "20181021": 183,
        "20181022": 1000,
        "20181025": 100
    },
    "poop": [
        {
            "1539878475": 0
        }
    ]
}