{
    "id": "486743846970064916",
    "cardhistory": [
        [
            1,
            [
                "KH",
                "JS",
                "AH",
                "9H",
                "JC"
            ]
        ],
        [
            0,
            [
                "5C",
                "QC",
                "8C",
                "4D",
                "2D"
            ]
        ]
    ],
    "amount": {
        "20181018": 100,
        "20181019": 31
    }
}