{
    "kaiwa_paid_lv": {
        "201809": 1,
        "201810": 11
    },
    "blog_paid_lv": 0,
    "invite_paid_lv": 0,
    "twitter_paid_lv": 0,
    "facebook_paid_lv": 0,
    "kaiwa_paid_amount": {
        "201809": 0,
        "201810": 22000
    },
    "blog_paid_amount": 0,
    "twitter_paid_amount": 0,
    "facebook_paid_amount": 0,
    "invite_paid_amount": 0,
    "swap_amount": 0,
    "user_id": "148701477920047104",
    "kaiwa_paid_exp": {
        "201809": 195,
        "201810": 6375
    }
}