{
    "kaiwa_paid_lv": {
        "201809": 1,
        "201810": 1
    },
    "blog_paid_lv": 0,
    "invite_paid_lv": 0,
    "twitter_paid_lv": 0,
    "facebook_paid_lv": 0,
    "kaiwa_paid_amount": {
        "201809": 0,
        "201810": 0
    },
    "blog_paid_amount": 0,
    "twitter_paid_amount": 0,
    "facebook_paid_amount": 0,
    "invite_paid_amount": 0,
    "swap_amount": 200000,
    "user_id": 326110190359281664,
    "kaiwa_paid_exp": {
        "201809": 186,
        "201810": 186
    }
}