{
    "kaiwa_paid_lv": {
        "201809": 21,
        "201810": 22
    },
    "blog_paid_lv": 0,
    "invite_paid_lv": 0,
    "twitter_paid_lv": 0,
    "facebook_paid_lv": 0,
    "kaiwa_paid_amount": {
        "201809": 101000,
        "201810": 101000
    },
    "blog_paid_amount": 0,
    "twitter_paid_amount": 0,
    "facebook_paid_amount": 0,
    "invite_paid_amount": 0,
    "swap_amount": 2403541,
    "user_id": 389748805886672908,
    "kaiwa_paid_exp": {
        "201809": 27982,
        "201810": 31118
    }
}