{
    "kaiwa_paid_lv": {
        "201809": 9,
        "201810": 14
    },
    "blog_paid_lv": 0,
    "invite_paid_lv": 0,
    "twitter_paid_lv": 0,
    "facebook_paid_lv": 0,
    "kaiwa_paid_amount": {
        "201809": 5000,
        "201810": 22000
    },
    "blog_paid_amount": 0,
    "twitter_paid_amount": 0,
    "facebook_paid_amount": 0,
    "invite_paid_amount": 0,
    "swap_amount": 110000,
    "user_id": 390786650747305984,
    "kaiwa_paid_exp": {
        "201809": 4172,
        "201810": 10848
    }
}