{
    "kaiwa_paid_lv": {
        "201809": 12,
        "201810": 12
    },
    "blog_paid_lv": 0,
    "invite_paid_lv": 0,
    "twitter_paid_lv": 0,
    "facebook_paid_lv": 0,
    "kaiwa_paid_amount": {
        "201809": 22000,
        "201810": 22000
    },
    "blog_paid_amount": 0,
    "twitter_paid_amount": 0,
    "facebook_paid_amount": 0,
    "invite_paid_amount": 0,
    "swap_amount": 4567968,
    "user_id": 390806524580331530,
    "kaiwa_paid_exp": {
        "201809": 7647,
        "201810": 7960
    }
}