{
    "kaiwa_paid_lv": {
        "201809": 5,
        "201810": 5
    },
    "blog_paid_lv": 0,
    "invite_paid_lv": 0,
    "twitter_paid_lv": 0,
    "facebook_paid_lv": 0,
    "kaiwa_paid_amount": {
        "201809": 5000,
        "201810": 5000
    },
    "blog_paid_amount": 0,
    "twitter_paid_amount": 0,
    "facebook_paid_amount": 0,
    "invite_paid_amount": 0,
    "swap_amount": 1454000,
    "user_id": 390821562162610179,
    "kaiwa_paid_exp": {
        "201809": 1287,
        "201810": 1549
    }
}