{
    "kaiwa_paid_lv": {
        "201809": 11,
        "201810": 16
    },
    "blog_paid_lv": 0,
    "invite_paid_lv": 0,
    "twitter_paid_lv": 0,
    "facebook_paid_lv": 0,
    "kaiwa_paid_amount": {
        "201809": 22000,
        "201810": 50000
    },
    "blog_paid_amount": 0,
    "twitter_paid_amount": 0,
    "facebook_paid_amount": 0,
    "invite_paid_amount": 0,
    "swap_amount": 0,
    "user_id": "391924416285638656",
    "kaiwa_paid_exp": {
        "201809": 6363,
        "201810": 14106
    }
}