{
    "kaiwa_paid_lv": {
        "201809": 11,
        "201810": 11
    },
    "blog_paid_lv": 0,
    "invite_paid_lv": 0,
    "twitter_paid_lv": 0,
    "facebook_paid_lv": 0,
    "kaiwa_paid_amount": {
        "201809": 22000,
        "201810": 22000
    },
    "blog_paid_amount": 0,
    "twitter_paid_amount": 0,
    "facebook_paid_amount": 0,
    "invite_paid_amount": 0,
    "swap_amount": 22038000,
    "user_id": 394399114101653504,
    "kaiwa_paid_exp": {
        "201809": 5857,
        "201810": 6110
    }
}