{
    "kaiwa_paid_lv": {
        "201809": 15,
        "201810": 20
    },
    "blog_paid_lv": 0,
    "invite_paid_lv": 0,
    "twitter_paid_lv": 0,
    "facebook_paid_lv": 0,
    "kaiwa_paid_amount": {
        "201809": 50000,
        "201810": 101000
    },
    "blog_paid_amount": 0,
    "twitter_paid_amount": 0,
    "facebook_paid_amount": 0,
    "invite_paid_amount": 0,
    "swap_amount": 56,
    "user_id": 397238348877529099,
    "kaiwa_paid_exp": {
        "201809": 12893,
        "201810": 26143
    }
}