{
    "kaiwa_paid_lv": {
        "201809": 4,
        "201810": 8
    },
    "blog_paid_lv": 0,
    "invite_paid_lv": 0,
    "twitter_paid_lv": 0,
    "facebook_paid_lv": 0,
    "kaiwa_paid_amount": {
        "201809": 0,
        "201810": 5000
    },
    "blog_paid_amount": 0,
    "twitter_paid_amount": 0,
    "facebook_paid_amount": 0,
    "invite_paid_amount": 0,
    "swap_amount": 264000,
    "user_id": 397258800035266561,
    "kaiwa_paid_exp": {
        "201809": 850,
        "201810": 3045
    }
}