{
    "kaiwa_paid_lv": {
        "201809": 9,
        "201810": 9
    },
    "blog_paid_lv": 0,
    "invite_paid_lv": 0,
    "twitter_paid_lv": 0,
    "facebook_paid_lv": 0,
    "kaiwa_paid_amount": {
        "201809": 5000,
        "201810": 5000
    },
    "blog_paid_amount": 0,
    "twitter_paid_amount": 0,
    "facebook_paid_amount": 0,
    "invite_paid_amount": 0,
    "swap_amount": 4082167,
    "user_id": 398888904209596419,
    "kaiwa_paid_exp": {
        "201809": 3983,
        "201810": 4042
    }
}