{
    "kaiwa_paid_lv": {
        "201809": 6,
        "201810": 7
    },
    "blog_paid_lv": 0,
    "invite_paid_lv": 0,
    "twitter_paid_lv": 0,
    "facebook_paid_lv": 0,
    "kaiwa_paid_amount": {
        "201809": 5000,
        "201810": 5000
    },
    "blog_paid_amount": 0,
    "twitter_paid_amount": 0,
    "facebook_paid_amount": 0,
    "invite_paid_amount": 0,
    "swap_amount": 4896000,
    "user_id": 398951077233557514,
    "kaiwa_paid_exp": {
        "201809": 2075,
        "201810": 2525
    }
}