{
    "kaiwa_paid_lv": {
        "201809": 8,
        "201810": 9
    },
    "blog_paid_lv": 0,
    "invite_paid_lv": 0,
    "twitter_paid_lv": 0,
    "facebook_paid_lv": 0,
    "kaiwa_paid_amount": {
        "201809": 5000,
        "201810": 5000
    },
    "blog_paid_amount": 0,
    "twitter_paid_amount": 0,
    "facebook_paid_amount": 0,
    "invite_paid_amount": 0,
    "swap_amount": 0,
    "user_id": "399763433400303618",
    "kaiwa_paid_exp": {
        "201809": 3567,
        "201810": 4659
    }
}