{
    "kaiwa_paid_lv": {
        "201809": 29,
        "201810": 32
    },
    "blog_paid_lv": 0,
    "invite_paid_lv": 0,
    "twitter_paid_lv": 0,
    "facebook_paid_lv": 0,
    "kaiwa_paid_amount": {
        "201809": 184000,
        "201810": 308000
    },
    "blog_paid_amount": 0,
    "twitter_paid_amount": 0,
    "facebook_paid_amount": 0,
    "invite_paid_amount": 0,
    "swap_amount": 12742000,
    "user_id": 400194841105137665,
    "kaiwa_paid_exp": {
        "201809": 64377,
        "201810": 85911
    }
}