{
    "kaiwa_paid_lv": {
        "201809": 4,
        "201810": 5
    },
    "blog_paid_lv": 0,
    "invite_paid_lv": 0,
    "twitter_paid_lv": 0,
    "facebook_paid_lv": 0,
    "kaiwa_paid_amount": {
        "201809": 0,
        "201810": 5000
    },
    "blog_paid_amount": 0,
    "twitter_paid_amount": 0,
    "facebook_paid_amount": 0,
    "invite_paid_amount": 0,
    "swap_amount": 8878000,
    "user_id": 402266684536389653,
    "kaiwa_paid_exp": {
        "201809": 850,
        "201810": 1369
    }
}