{
    "kaiwa_paid_lv": {
        "201809": 3,
        "201810": 3
    },
    "blog_paid_lv": 0,
    "invite_paid_lv": 0,
    "twitter_paid_lv": 0,
    "facebook_paid_lv": 0,
    "kaiwa_paid_amount": {
        "201809": 0,
        "201810": 0
    },
    "blog_paid_amount": 0,
    "twitter_paid_amount": 0,
    "facebook_paid_amount": 0,
    "invite_paid_amount": 0,
    "swap_amount": 1520000,
    "user_id": 404288532149174285,
    "kaiwa_paid_exp": {
        "201809": 483,
        "201810": 702
    }
}