{
    "kaiwa_paid_lv": {
        "201809": 17,
        "201810": 17
    },
    "blog_paid_lv": 0,
    "invite_paid_lv": 0,
    "twitter_paid_lv": 0,
    "facebook_paid_lv": 0,
    "kaiwa_paid_amount": {
        "201809": 50000,
        "201810": 50000
    },
    "blog_paid_amount": 0,
    "twitter_paid_amount": 0,
    "facebook_paid_amount": 0,
    "invite_paid_amount": 0,
    "swap_amount": 0,
    "user_id": "404933770039263232",
    "kaiwa_paid_exp": {
        "201809": 17723,
        "201810": 18247
    }
}