{
    "kaiwa_paid_lv": {
        "201809": 18,
        "201810": 25
    },
    "blog_paid_lv": 0,
    "invite_paid_lv": 0,
    "twitter_paid_lv": 0,
    "facebook_paid_lv": 0,
    "kaiwa_paid_amount": {
        "201809": 50000,
        "201810": 184000
    },
    "blog_paid_amount": 0,
    "twitter_paid_amount": 0,
    "facebook_paid_amount": 0,
    "invite_paid_amount": 0,
    "swap_amount": 576000,
    "user_id": 405909704062140416,
    "kaiwa_paid_exp": {
        "201809": 19707,
        "201810": 43122
    }
}