{
    "kaiwa_paid_lv": {
        "201809": 27,
        "201810": 39
    },
    "blog_paid_lv": 0,
    "invite_paid_lv": 0,
    "twitter_paid_lv": 0,
    "facebook_paid_lv": 0,
    "kaiwa_paid_amount": {
        "201809": 184000,
        "201810": 484000
    },
    "blog_paid_amount": 0,
    "twitter_paid_amount": 0,
    "facebook_paid_amount": 0,
    "invite_paid_amount": 0,
    "swap_amount": 458000,
    "user_id": 409290759498498048,
    "kaiwa_paid_exp": {
        "201809": 55901,
        "201810": 140604
    }
}