{
    "kaiwa_paid_lv": {
        "201809": 29,
        "201810": 31
    },
    "blog_paid_lv": 0,
    "invite_paid_lv": 0,
    "twitter_paid_lv": 0,
    "facebook_paid_lv": 0,
    "kaiwa_paid_amount": {
        "201809": 184000,
        "201810": 308000
    },
    "blog_paid_amount": 0,
    "twitter_paid_amount": 0,
    "facebook_paid_amount": 0,
    "invite_paid_amount": 0,
    "swap_amount": 719568,
    "user_id": 413717667208364043,
    "kaiwa_paid_exp": {
        "201809": 63568,
        "201810": 74807
    }
}