{
    "kaiwa_paid_lv": {
        "201809": 2,
        "201810": 2
    },
    "blog_paid_lv": 0,
    "invite_paid_lv": 0,
    "twitter_paid_lv": 0,
    "facebook_paid_lv": 0,
    "kaiwa_paid_amount": {
        "201809": 0,
        "201810": 0
    },
    "blog_paid_amount": 0,
    "twitter_paid_amount": 0,
    "facebook_paid_amount": 0,
    "invite_paid_amount": 0,
    "swap_amount": 624000,
    "user_id": 415596849597251594,
    "kaiwa_paid_exp": {
        "201809": 465,
        "201810": 465
    }
}