{
    "kaiwa_paid_lv": {
        "201809": 9,
        "201810": 13
    },
    "blog_paid_lv": 0,
    "invite_paid_lv": 0,
    "twitter_paid_lv": 0,
    "facebook_paid_lv": 0,
    "kaiwa_paid_amount": {
        "201809": 5000,
        "201810": 22000
    },
    "blog_paid_amount": 0,
    "twitter_paid_amount": 0,
    "facebook_paid_amount": 0,
    "invite_paid_amount": 0,
    "swap_amount": 0,
    "user_id": "418608598743252992",
    "kaiwa_paid_exp": {
        "201809": 4305,
        "201810": 9026
    }
}