{
    "kaiwa_paid_lv": {
        "201809": 6,
        "201810": 6
    },
    "blog_paid_lv": 0,
    "invite_paid_lv": 0,
    "twitter_paid_lv": 0,
    "facebook_paid_lv": 0,
    "kaiwa_paid_amount": {
        "201809": 5000,
        "201810": 5000
    },
    "blog_paid_amount": 0,
    "twitter_paid_amount": 0,
    "facebook_paid_amount": 0,
    "invite_paid_amount": 0,
    "swap_amount": 636000,
    "user_id": 420168838957498370,
    "kaiwa_paid_exp": {
        "201809": 1711,
        "201810": 1758
    }
}