{
    "kaiwa_paid_lv": {
        "201809": 3,
        "201810": 5
    },
    "blog_paid_lv": 0,
    "invite_paid_lv": 0,
    "twitter_paid_lv": 0,
    "facebook_paid_lv": 0,
    "kaiwa_paid_amount": {
        "201809": 0,
        "201810": 5000
    },
    "blog_paid_amount": 0,
    "twitter_paid_amount": 0,
    "facebook_paid_amount": 0,
    "invite_paid_amount": 0,
    "swap_amount": 26000,
    "user_id": 421876515077226497,
    "kaiwa_paid_exp": {
        "201809": 503,
        "201810": 1578
    }
}