{
    "kaiwa_paid_lv": {
        "201809": 2,
        "201810": 10
    },
    "blog_paid_lv": 0,
    "invite_paid_lv": 0,
    "twitter_paid_lv": 0,
    "facebook_paid_lv": 0,
    "kaiwa_paid_amount": {
        "201809": 0,
        "201810": 22000
    },
    "blog_paid_amount": 0,
    "twitter_paid_amount": 0,
    "facebook_paid_amount": 0,
    "invite_paid_amount": 0,
    "swap_amount": 0,
    "user_id": "422334119729692692",
    "kaiwa_paid_exp": {
        "201809": 329,
        "201810": 5619
    }
}