{
    "id": "356726418597478400",
    "cardhistory": [
        [
            4,
            [
                "3D",
                "4D",
                "7D",
                "5S",
                "6D"
            ]
        ],
        [
            0,
            [
                "2C",
                "TC",
                "QS",
                "7D",
                "JH"
            ]
        ],
        [
            0,
            [
                "TS",
                "9S",
                "2C",
                "AC",
                "QS"
            ]
        ],
        [
            0,
            [
                "9C",
                "TS",
                "JD",
                "6C",
                "AD"
            ]
        ],
        [
            0,
            [
                "5S",
                "3C",
                "KH",
                "JD",
                "6D"
            ]
        ],
        [
            0,
            [
                "KH",
                "AC",
                "8S",
                "2H",
                "7H"
            ]
        ],
        [
            1,
            [
                "5C",
                "KC",
                "KD",
                "3H",
                "6H"
            ]
        ]
    ],
    "amount": {
        "20181110": 1600,
        "20181120": 639,
        "20181122": 82,
        "20181125": 100
    }
}