{
    "id": "391502736149053450",
    "cardhistory": [
        [
            0,
            [
                "8S",
                "KH",
                "2S",
                "3H",
                "AD"
            ]
        ],
        [
            1,
            [
                "8S",
                "4C",
                "6D",
                "9C",
                "9H"
            ]
        ],
        [
            3,
            [
                "9C",
                "7H",
                "9S",
                "AD",
                "9H"
            ]
        ]
    ],
    "amount": {
        "20181108": 640,
        "20181114": 1400
    }
}