{
    "id": "391813911600562182",
    "cardhistory": [
        [
            1,
            [
                "AC",
                "TH",
                "4S",
                "AS",
                "6H"
            ]
        ],
        [
            0,
            [
                "TD",
                "3S",
                "QD",
                "8H",
                "JC"
            ]
        ],
        [
            0,
            [
                "6D",
                "2D",
                "7S",
                "JC",
                "TS"
            ]
        ],
        [
            1,
            [
                "QD",
                "7C",
                "9S",
                "AD",
                "AS"
            ]
        ],
        [
            1,
            [
                "4D",
                "KS",
                "3H",
                "7S",
                "KH"
            ]
        ],
        [
            0,
            [
                "TS",
                "KC",
                "7H",
                "AH",
                "9S"
            ]
        ],
        [
            0,
            [
                "6D",
                "9H",
                "TC",
                "AH",
                "QD"
            ]
        ],
        [
            1,
            [
                "5H",
                "5D",
                "TH",
                "2H",
                "KD"
            ]
        ],
        [
            0,
            [
                "9D",
                "JH",
                "2C",
                "3S",
                "4S"
            ]
        ],
        [
            0,
            [
                "AS",
                "6S",
                "3C",
                "2C",
                "9H"
            ]
        ],
        [
            1,
            [
                "JD",
                "5D",
                "QC",
                "TD",
                "QS"
            ]
        ]
    ],
    "amount": {
        "20181106": 144,
        "20181109": 36,
        "20181111": 600,
        "20181118": 367,
        "20181119": 100
    },
    "poop": [
        {
            "1542544719": 3
        }
    ]
}