{
    "id": "394170748685778954",
    "cardhistory": [
        [
            0,
            [
                "9C",
                "KC",
                "TC",
                "AD",
                "6D"
            ]
        ],
        [
            0,
            [
                "6D",
                "AS",
                "TH",
                "5C",
                "2S"
            ]
        ]
    ],
    "amount": {
        "20181114": 552,
        "20181118": 37
    }
}