{
    "id": "398951077233557514",
    "cardhistory": [
        [
            1,
            [
                "7D",
                "QH",
                "TS",
                "2S",
                "QD"
            ]
        ],
        [
            1,
            [
                "AD",
                "7S",
                "QD",
                "JC",
                "AS"
            ]
        ]
    ],
    "amount": {
        "20181107": 700
    },
    "poop": [
        {
            "1540821239": 0
        },
        {
            "1540983572": 2
        }
    ]
}