{
    "id": "401300057741066240",
    "cardhistory": [
        [
            2,
            [
                "6S",
                "QS",
                "3H",
                "6C",
                "3D"
            ]
        ],
        [
            0,
            [
                "7C",
                "TH",
                "5C",
                "3S",
                "6S"
            ]
        ],
        [
            0,
            [
                "JD",
                "5C",
                "8H",
                "4H",
                "3D"
            ]
        ],
        [
            0,
            [
                "6C",
                "4H",
                "KC",
                "8C",
                "TS"
            ]
        ],
        [
            0,
            [
                "2C",
                "7H",
                "9D",
                "3C",
                "KH"
            ]
        ],
        [
            2,
            [
                "JH",
                "7C",
                "3H",
                "7H",
                "JC"
            ]
        ],
        [
            1,
            [
                "8D",
                "2D",
                "9D",
                "3H",
                "8S"
            ]
        ],
        [
            1,
            [
                "4S",
                "7C",
                "5H",
                "2D",
                "2C"
            ]
        ],
        [
            1,
            [
                "TH",
                "KH",
                "8C",
                "2H",
                "2C"
            ]
        ],
        [
            1,
            [
                "9S",
                "2S",
                "4D",
                "KS",
                "KH"
            ]
        ],
        [
            1,
            [
                "2D",
                "KC",
                "8H",
                "QH",
                "KS"
            ]
        ],
        [
            1,
            [
                "2H",
                "4S",
                "TD",
                "QC",
                "QH"
            ]
        ],
        [
            0,
            [
                "TD",
                "QH",
                "JH",
                "3S",
                "5C"
            ]
        ],
        [
            1,
            [
                "2S",
                "3C",
                "3S",
                "8C",
                "5D"
            ]
        ],
        [
            0,
            [
                "4S",
                "7D",
                "8H",
                "2C",
                "KC"
            ]
        ]
    ],
    "amount": {
        "20181109": 1578,
        "20181119": 134
    }
}