{
    "id": "401716110518648832",
    "cardhistory": [
        [
            1,
            [
                "3C",
                "5S",
                "TC",
                "6C",
                "TH"
            ]
        ],
        [
            0,
            [
                "7H",
                "9H",
                "AH",
                "4D",
                "TD"
            ]
        ],
        [
            1,
            [
                "QS",
                "7D",
                "QH",
                "8H",
                "JH"
            ]
        ]
    ],
    "amount": {
        "20181106": 144,
        "20181110": 100
    }
}