{
    "id": "404288532149174285",
    "cardhistory": [
        [
            3,
            [
                "6C",
                "8S",
                "6H",
                "7H",
                "6S"
            ]
        ],
        [
            1,
            [
                "JD",
                "7H",
                "8C",
                "QH",
                "QS"
            ]
        ],
        [
            0,
            [
                "5S",
                "7S",
                "KS",
                "8H",
                "4D"
            ]
        ]
    ],
    "amount": {
        "20181114": 1000,
        "20181119": 37
    }
}