{
    "id": "410775339586027521",
    "cardhistory": [
        [
            1,
            [
                "KS",
                "9S",
                "2C",
                "7C",
                "9D"
            ]
        ],
        [
            0,
            [
                "2S",
                "KH",
                "8D",
                "7H",
                "9C"
            ]
        ],
        [
            1,
            [
                "QC",
                "QD",
                "3D",
                "JC",
                "2S"
            ]
        ]
    ],
    "amount": {
        "20181113": 100,
        "20181117": 139
    }
}