{
    "id": "411785762930032640",
    "cardhistory": [
        [
            0,
            [
                "JS",
                "9S",
                "QH",
                "7H",
                "TS"
            ]
        ],
        [
            0,
            [
                "5D",
                "JH",
                "QH",
                "2S",
                "8D"
            ]
        ],
        [
            0,
            [
                "9C",
                "KS",
                "5C",
                "6H",
                "2D"
            ]
        ],
        [
            1,
            [
                "3D",
                "KC",
                "3C",
                "4C",
                "5C"
            ]
        ],
        [
            0,
            [
                "KS",
                "QC",
                "6H",
                "AH",
                "5C"
            ]
        ],
        [
            1,
            [
                "4H",
                "KS",
                "7D",
                "2H",
                "KH"
            ]
        ],
        [
            0,
            [
                "5C",
                "4C",
                "TH",
                "QS",
                "2S"
            ]
        ],
        [
            3,
            [
                "KS",
                "TS",
                "7D",
                "KD",
                "KH"
            ]
        ],
        [
            1,
            [
                "AD",
                "6D",
                "4D",
                "6C",
                "3H"
            ]
        ],
        [
            1,
            [
                "3H",
                "9S",
                "2C",
                "6S",
                "2S"
            ]
        ],
        [
            0,
            [
                "AH",
                "4S",
                "8H",
                "2S",
                "JC"
            ]
        ],
        [
            1,
            [
                "8S",
                "5S",
                "9D",
                "4C",
                "9H"
            ]
        ],
        [
            1,
            [
                "5H",
                "AD",
                "5S",
                "2H",
                "4D"
            ]
        ]
    ],
    "amount": {
        "20181114": 49,
        "20181117": 2695
    },
    "poop": [
        {
            "1540823984": 0
        }
    ]
}