{
    "id": "421120563470270484",
    "cardhistory": [
        [
            1,
            [
                "5H",
                "4H",
                "QC",
                "9D",
                "QH"
            ]
        ],
        [
            1,
            [
                "7D",
                "8C",
                "2C",
                "5H",
                "8S"
            ]
        ],
        [
            3,
            [
                "AH",
                "4D",
                "7C",
                "7S",
                "7H"
            ]
        ],
        [
            1,
            [
                "AH",
                "QC",
                "9C",
                "KS",
                "KD"
            ]
        ],
        [
            0,
            [
                "8S",
                "KH",
                "JD",
                "TH",
                "2S"
            ]
        ],
        [
            1,
            [
                "2C",
                "5H",
                "2S",
                "6H",
                "4S"
            ]
        ],
        [
            1,
            [
                "4S",
                "AH",
                "9C",
                "4D",
                "6C"
            ]
        ],
        [
            1,
            [
                "JS",
                "5H",
                "4D",
                "2C",
                "2D"
            ]
        ],
        [
            1,
            [
                "KD",
                "JS",
                "7H",
                "7D",
                "9C"
            ]
        ],
        [
            0,
            [
                "QC",
                "5C",
                "8C",
                "6D",
                "TS"
            ]
        ],
        [
            1,
            [
                "JH",
                "TC",
                "9H",
                "AH",
                "AS"
            ]
        ],
        [
            1,
            [
                "KS",
                "TH",
                "4C",
                "4S",
                "6D"
            ]
        ],
        [
            0,
            [
                "8C",
                "5H",
                "9S",
                "AH",
                "TH"
            ]
        ],
        [
            1,
            [
                "9C",
                "6D",
                "AH",
                "4D",
                "4C"
            ]
        ],
        [
            1,
            [
                "KS",
                "8S",
                "6H",
                "QD",
                "KH"
            ]
        ],
        [
            3,
            [
                "9H",
                "2D",
                "8C",
                "2C",
                "2S"
            ]
        ],
        [
            5,
            [
                "2C",
                "9C",
                "7C",
                "4C",
                "TC"
            ]
        ],
        [
            1,
            [
                "KD",
                "3C",
                "QD",
                "AH",
                "AH"
            ]
        ],
        [
            4,
            [
                "AH",
                "5C",
                "2H",
                "4C",
                "3S"
            ]
        ],
        [
            1,
            [
                "AH",
                "KS",
                "2H",
                "9S",
                "AD"
            ]
        ],
        [
            3,
            [
                "3D",
                "KD",
                "KS",
                "6H",
                "KH"
            ]
        ],
        [
            3,
            [
                "2C",
                "3C",
                "AS",
                "3D",
                "3S"
            ]
        ],
        [
            0,
            [
                "8D",
                "7D",
                "KH",
                "4C",
                "TS"
            ]
        ],
        [
            3,
            [
                "JD",
                "JC",
                "6S",
                "JS",
                "QS"
            ]
        ]
    ],
    "amount": {
        "20181112": 100,
        "20181118": 100,
        "20181121": 900,
        "20181122": 585,
        "20181124": 100,
        "20181125": 8788
    }
}