{
    "id": "422334119729692692",
    "cardhistory": [
        [
            1,
            [
                "2C",
                "5H",
                "AD",
                "AC",
                "6H"
            ]
        ],
        [
            0,
            [
                "TH",
                "AH",
                "3S",
                "4S",
                "6D"
            ]
        ],
        [
            1,
            [
                "AH",
                "5S",
                "8S",
                "QS",
                "AH"
            ]
        ],
        [
            0,
            [
                "JC",
                "KD",
                "7D",
                "QH",
                "5D"
            ]
        ],
        [
            1,
            [
                "AH",
                "QS",
                "5D",
                "9C",
                "QC"
            ]
        ]
    ],
    "amount": {
        "20181106": 785,
        "20181112": 100
    }
}