{
    "id": "425282940176564224",
    "cardhistory": [
        [
            1,
            [
                "JS",
                "8H",
                "TC",
                "5H",
                "TS"
            ]
        ],
        [
            7,
            [
                "2C",
                "2S",
                "2H",
                "JC",
                "2D"
            ]
        ],
        [
            1,
            [
                "5S",
                "2S",
                "JS",
                "AC",
                "AH"
            ]
        ],
        [
            0,
            [
                "5D",
                "KD",
                "7S",
                "8D",
                "AS"
            ]
        ],
        [
            0,
            [
                "6S",
                "TC",
                "7S",
                "QD",
                "3D"
            ]
        ],
        [
            4,
            [
                "7C",
                "5S",
                "4S",
                "8H",
                "6S"
            ]
        ],
        [
            1,
            [
                "7C",
                "8S",
                "JD",
                "KS",
                "JC"
            ]
        ],
        [
            0,
            [
                "8C",
                "7S",
                "5D",
                "AD",
                "4H"
            ]
        ],
        [
            1,
            [
                "9S",
                "5S",
                "3D",
                "5D",
                "TH"
            ]
        ],
        [
            1,
            [
                "JC",
                "7H",
                "9S",
                "9C",
                "3H"
            ]
        ],
        [
            1,
            [
                "QC",
                "8D",
                "3S",
                "JC",
                "QH"
            ]
        ],
        [
            0,
            [
                "2H",
                "QS",
                "KD",
                "JS",
                "4C"
            ]
        ],
        [
            1,
            [
                "4C",
                "9S",
                "JD",
                "7D",
                "7H"
            ]
        ],
        [
            1,
            [
                "2D",
                "3C",
                "6H",
                "3S",
                "AC"
            ]
        ],
        [
            1,
            [
                "TD",
                "8D",
                "3C",
                "2H",
                "2C"
            ]
        ],
        [
            3,
            [
                "TH",
                "7D",
                "AC",
                "AS",
                "AS"
            ]
        ],
        [
            2,
            [
                "AC",
                "QS",
                "5D",
                "AS",
                "QD"
            ]
        ],
        [
            1,
            [
                "9C",
                "3C",
                "7C",
                "3D",
                "6C"
            ]
        ],
        [
            0,
            [
                "QS",
                "2S",
                "TC",
                "8C",
                "9H"
            ]
        ]
    ],
    "amount": {
        "20181110": 6785,
        "20181111": 938,
        "20181112": 142,
        "20181113": 100,
        "20181114": 100,
        "20181117": 900,
        "20181119": 400,
        "20181124": 141
    }
}