{
    "id": "425280934342819841",
    "cardhistory": [
        [
            1,
            [
                "JC",
                "9H",
                "3H",
                "AD",
                "JS"
            ]
        ],
        [
            0,
            [
                "QD",
                "4S",
                "8D",
                "TD",
                "9C"
            ]
        ]
    ],
    "amount": {
        "20181106": 600,
        "20181117": 43
    }
}