{
    "id": "426226552259215360",
    "cardhistory": [
        [
            0,
            [
                "7H",
                "6C",
                "4D",
                "QC",
                "TC"
            ]
        ],
        [
            0,
            [
                "6S",
                "3S",
                "4H",
                "JD",
                "7D"
            ]
        ],
        [
            0,
            [
                "AS",
                "3D",
                "8D",
                "6H",
                "7D"
            ]
        ],
        [
            0,
            [
                "3S",
                "JC",
                "8C",
                "TC",
                "4H"
            ]
        ],
        [
            1,
            [
                "AC",
                "JC",
                "2C",
                "QS",
                "2S"
            ]
        ],
        [
            1,
            [
                "TD",
                "KH",
                "JS",
                "6D",
                "JC"
            ]
        ],
        [
            0,
            [
                "7D",
                "3D",
                "5H",
                "KH",
                "4S"
            ]
        ]
    ],
    "amount": {
        "20181110": 70,
        "20181112": 274,
        "20181125": 32
    }
}