{
    "id": "437556636920578051",
    "cardhistory": [
        [
            0,
            [
                "6H",
                "KD",
                "4C",
                "5C",
                "JH"
            ]
        ],
        [
            1,
            [
                "2S",
                "TH",
                "KD",
                "KC",
                "7D"
            ]
        ],
        [
            1,
            [
                "JC",
                "KC",
                "2D",
                "QH",
                "QD"
            ]
        ],
        [
            1,
            [
                "AH",
                "JH",
                "9D",
                "JC",
                "5H"
            ]
        ],
        [
            2,
            [
                "QD",
                "QS",
                "TH",
                "4S",
                "4H"
            ]
        ],
        [
            0,
            [
                "QD",
                "KH",
                "JS",
                "AH",
                "2D"
            ]
        ],
        [
            2,
            [
                "KC",
                "KD",
                "8S",
                "5S",
                "5H"
            ]
        ],
        [
            0,
            [
                "TC",
                "8C",
                "QS",
                "4H",
                "2C"
            ]
        ],
        [
            0,
            [
                "QC",
                "4H",
                "8H",
                "9C",
                "7H"
            ]
        ]
    ],
    "amount": {
        "20181107": 39,
        "20181108": 100,
        "20181110": 200,
        "20181112": 400,
        "20181113": 452,
        "20181115": 76
    }
}