{
    "id": "440505734577520640",
    "cardhistory": [
        [
            1,
            [
                "AC",
                "9S",
                "AD",
                "4C",
                "2H"
            ]
        ],
        [
            1,
            [
                "4S",
                "9H",
                "4C",
                "KS",
                "8D"
            ]
        ],
        [
            0,
            [
                "KH",
                "6H",
                "JC",
                "5S",
                "2S"
            ]
        ],
        [
            0,
            [
                "KH",
                "6S",
                "2C",
                "5C",
                "4H"
            ]
        ]
    ],
    "amount": {
        "20181115": 600,
        "20181125": 167
    }
}