{
    "id": "441090247653326859",
    "cardhistory": [
        [
            3,
            [
                "KC",
                "5H",
                "8S",
                "KD",
                "KS"
            ]
        ],
        [
            1,
            [
                "7H",
                "JH",
                "QH",
                "QC",
                "AH"
            ]
        ],
        [
            0,
            [
                "6H",
                "8D",
                "JD",
                "4S",
                "3D"
            ]
        ],
        [
            0,
            [
                "2C",
                "KD",
                "5C",
                "7S",
                "6D"
            ]
        ],
        [
            1,
            [
                "3H",
                "6D",
                "3C",
                "QC",
                "2H"
            ]
        ]
    ],
    "amount": {
        "20181107": 1032,
        "20181114": 133
    }
}