{
    "id": "441961010266505218",
    "cardhistory": [
        [
            0,
            [
                "JD",
                "5C",
                "KC",
                "2D",
                "3C"
            ]
        ],
        [
            1,
            [
                "4S",
                "5H",
                "TD",
                "TH",
                "6C"
            ]
        ],
        [
            1,
            [
                "9D",
                "TS",
                "QD",
                "AC",
                "QC"
            ]
        ],
        [
            3,
            [
                "3H",
                "KC",
                "KH",
                "QD",
                "KH"
            ]
        ],
        [
            1,
            [
                "7D",
                "3D",
                "4D",
                "5S",
                "7C"
            ]
        ],
        [
            0,
            [
                "6H",
                "9S",
                "8S",
                "TS",
                "3S"
            ]
        ],
        [
            0,
            [
                "4D",
                "3C",
                "JS",
                "9D",
                "5H"
            ]
        ],
        [
            0,
            [
                "KC",
                "JH",
                "QD",
                "TH",
                "6S"
            ]
        ],
        [
            3,
            [
                "4S",
                "QS",
                "9C",
                "4D",
                "4H"
            ]
        ]
    ],
    "amount": {
        "20181123": 1354,
        "20181124": 900
    }
}