{
    "id": "443634644294959104",
    "cardhistory": [
        [
            1,
            [
                "4H",
                "QC",
                "5C",
                "KS",
                "QD"
            ]
        ],
        [
            1,
            [
                "AS",
                "8S",
                "5S",
                "4D",
                "5C"
            ]
        ],
        [
            0,
            [
                "9S",
                "2C",
                "8S",
                "3C",
                "QC"
            ]
        ],
        [
            0,
            [
                "3H",
                "AD",
                "JS",
                "KC",
                "4D"
            ]
        ],
        [
            0,
            [
                "JS",
                "5S",
                "QC",
                "7D",
                "AD"
            ]
        ],
        [
            1,
            [
                "2D",
                "9S",
                "6S",
                "QC",
                "9H"
            ]
        ],
        [
            1,
            [
                "AC",
                "4C",
                "3C",
                "AD",
                "QD"
            ]
        ],
        [
            2,
            [
                "QD",
                "7H",
                "6D",
                "6C",
                "QH"
            ]
        ],
        [
            0,
            [
                "8H",
                "JC",
                "AH",
                "2S",
                "9H"
            ]
        ],
        [
            1,
            [
                "3S",
                "7C",
                "5S",
                "7D",
                "8D"
            ]
        ]
    ],
    "amount": {
        "20181106": 100,
        "20181109": 100,
        "20181110": 34,
        "20181114": 1794,
        "20181120": 400,
        "20181122": 44,
        "20181125": 100
    }
}