{
    "id": "447721481716105226",
    "cardhistory": [
        [
            1,
            [
                "QD",
                "7C",
                "KD",
                "KC",
                "3H"
            ]
        ],
        [
            0,
            [
                "6D",
                "TD",
                "AD",
                "3D",
                "7H"
            ]
        ]
    ],
    "amount": {
        "20181122": 100,
        "20181124": 540
    }
}