{
    "id": "450120580281139200",
    "cardhistory": [
        [
            0,
            [
                "7C",
                "8S",
                "KS",
                "3D",
                "6H"
            ]
        ],
        [
            4,
            [
                "5C",
                "7C",
                "6C",
                "8D",
                "4S"
            ]
        ],
        [
            2,
            [
                "JD",
                "2H",
                "JS",
                "9C",
                "2C"
            ]
        ],
        [
            0,
            [
                "6D",
                "9C",
                "8D",
                "2D",
                "KH"
            ]
        ],
        [
            1,
            [
                "QD",
                "TH",
                "8S",
                "KS",
                "KS"
            ]
        ],
        [
            0,
            [
                "4H",
                "AD",
                "JC",
                "8D",
                "9S"
            ]
        ],
        [
            0,
            [
                "AD",
                "QC",
                "5D",
                "TH",
                "6H"
            ]
        ],
        [
            1,
            [
                "JD",
                "6C",
                "QH",
                "6D",
                "8C"
            ]
        ],
        [
            1,
            [
                "5D",
                "KD",
                "9C",
                "TC",
                "KS"
            ]
        ],
        [
            2,
            [
                "KH",
                "7D",
                "JD",
                "KC",
                "JS"
            ]
        ],
        [
            0,
            [
                "9S",
                "7S",
                "TD",
                "QH",
                "6D"
            ]
        ]
    ],
    "amount": {
        "20181106": 2175,
        "20181107": 1193,
        "20181111": 100,
        "20181112": 444
    }
}