{
    "id": "455983878214123523",
    "cardhistory": [
        [
            0,
            [
                "6D",
                "9C",
                "4S",
                "5D",
                "7C"
            ]
        ],
        [
            1,
            [
                "3D",
                "9S",
                "TH",
                "QD",
                "TS"
            ]
        ],
        [
            1,
            [
                "3C",
                "AH",
                "TD",
                "6D",
                "AD"
            ]
        ],
        [
            1,
            [
                "2C",
                "4D",
                "6D",
                "KS",
                "6H"
            ]
        ],
        [
            0,
            [
                "6C",
                "AH",
                "9D",
                "5S",
                "JC"
            ]
        ],
        [
            1,
            [
                "QH",
                "JS",
                "5S",
                "KH",
                "KS"
            ]
        ],
        [
            0,
            [
                "AD",
                "9C",
                "6S",
                "JD",
                "7H"
            ]
        ],
        [
            1,
            [
                "TD",
                "3S",
                "AS",
                "8D",
                "3H"
            ]
        ],
        [
            0,
            [
                "4H",
                "5C",
                "2H",
                "QD",
                "KC"
            ]
        ],
        [
            1,
            [
                "KD",
                "QS",
                "2S",
                "JS",
                "KS"
            ]
        ],
        [
            1,
            [
                "AD",
                "9H",
                "TH",
                "3D",
                "9D"
            ]
        ],
        [
            3,
            [
                "KC",
                "2H",
                "AS",
                "KS",
                "KH"
            ]
        ],
        [
            0,
            [
                "2H",
                "KC",
                "QD",
                "9S",
                "8C"
            ]
        ],
        [
            0,
            [
                "7H",
                "6H",
                "TH",
                "9C",
                "QS"
            ]
        ]
    ],
    "amount": {
        "20181106": 1523,
        "20181110": 836,
        "20181111": 900,
        "20181125": 88
    }
}