{
    "id": "465796453474893824",
    "cardhistory": [
        [
            1,
            [
                "KS",
                "2C",
                "8S",
                "KH",
                "6D"
            ]
        ],
        [
            3,
            [
                "6S",
                "9D",
                "QH",
                "9C",
                "9S"
            ]
        ],
        [
            0,
            [
                "7C",
                "AH",
                "JS",
                "2C",
                "KD"
            ]
        ],
        [
            0,
            [
                "3D",
                "TC",
                "2C",
                "4H",
                "QC"
            ]
        ],
        [
            0,
            [
                "6C",
                "4C",
                "5S",
                "2H",
                "TD"
            ]
        ],
        [
            3,
            [
                "9H",
                "QH",
                "9D",
                "9C",
                "4S"
            ]
        ],
        [
            1,
            [
                "2C",
                "KD",
                "AS",
                "8S",
                "AS"
            ]
        ]
    ],
    "amount": {
        "20181109": 100,
        "20181111": 1005,
        "20181116": 1000
    },
    "poop": [
        {
            "1539878475": 0
        }
    ]
}