{
    "id": "480922085850611732",
    "cardhistory": [
        [
            0,
            [
                "9S",
                "5D",
                "3D",
                "2S",
                "QC"
            ]
        ],
        [
            0,
            [
                "4D",
                "AS",
                "KC",
                "TS",
                "7S"
            ]
        ],
        [
            0,
            [
                "2D",
                "9C",
                "KC",
                "6S",
                "3C"
            ]
        ],
        [
            1,
            [
                "AH",
                "3S",
                "QC",
                "AC",
                "9C"
            ]
        ],
        [
            0,
            [
                "AD",
                "9C",
                "6C",
                "QD",
                "5S"
            ]
        ],
        [
            0,
            [
                "6H",
                "TC",
                "2H",
                "3C",
                "8H"
            ]
        ],
        [
            1,
            [
                "TH",
                "TS",
                "QD",
                "AC",
                "4S"
            ]
        ],
        [
            2,
            [
                "4S",
                "8H",
                "7C",
                "8D",
                "7S"
            ]
        ],
        [
            1,
            [
                "8S",
                "5H",
                "6D",
                "5D",
                "JC"
            ]
        ],
        [
            0,
            [
                "AC",
                "2D",
                "8D",
                "JD",
                "6S"
            ]
        ],
        [
            0,
            [
                "6C",
                "JC",
                "QD",
                "3C",
                "4H"
            ]
        ],
        [
            1,
            [
                "AC",
                "7C",
                "QS",
                "KD",
                "AH"
            ]
        ]
    ],
    "amount": {
        "20181119": 758,
        "20181120": 129,
        "20181122": 400,
        "20181123": 177,
        "20181124": 100
    }
}